{
	"credit": "Made with Blockbench",
	"texture_size": [64, 32],
	"textures": {
		"0": "hlw:item/frank_layer_1",
		"particle": "hlw:item/frank_layer_1"
	},
	"elements": [
		{
			"from": [4, 7, 4],
			"to": [12, 11, 12],
			"faces": {
				"north": {"uv": [2, 4, 4, 6], "texture": "#0"},
				"east": {"uv": [0, 4, 2, 6], "texture": "#0"},
				"south": {"uv": [6, 4, 8, 6], "texture": "#0"},
				"west": {"uv": [4, 4, 6, 6], "texture": "#0"},
				"up": {"uv": [2, 0, 4, 4], "rotation": 180, "texture": "#0"}
			}
		},
		{
			"from": [3.75, 5.75, 3.75],
			"to": [3.75, 8.25, 12.25],
			"rotation": {"angle": 0, "axis": "y", "origin": [8, 8, 8]},
			"faces": {
				"east": {"uv": [4, 6, 6, 7], "texture": "#0"},
				"west": {"uv": [4, 6, 6, 7], "texture": "#0"}
			}
		},
		{
			"from": [3.75, 5.75, 3.75],
			"to": [12.25, 8.25, 3.75],
			"faces": {
				"north": {"uv": [2, 6, 4, 7], "texture": "#0"},
				"south": {"uv": [2, 6, 4, 7], "texture": "#0"}
			}
		},
		{
			"from": [3.75, 5.75, 12.25],
			"to": [12.25, 8.25, 12.25],
			"rotation": {"angle": 0, "axis": "y", "origin": [8, 8, 8]},
			"faces": {
				"north": {"uv": [6, 6, 8, 7], "texture": "#0"},
				"south": {"uv": [6, 6, 8, 7], "texture": "#0"}
			}
		},
		{
			"from": [12.25, 5.75, 3.75],
			"to": [12.25, 8.25, 12.25],
			"rotation": {"angle": 0, "axis": "y", "origin": [8, 8, 8]},
			"faces": {
				"east": {"uv": [0, 6, 2, 7], "texture": "#0"},
				"west": {"uv": [0, 6, 2, 7], "texture": "#0"}
			}
		},
		{
			"from": [12, 2, 7],
			"to": [13, 4, 9],
			"faces": {
				"north": {"uv": [6.5, 0, 6.75, 1], "texture": "#0"},
				"east": {"uv": [6.5, 0, 6.75, 1], "texture": "#0"},
				"south": {"uv": [6.5, 0, 6.75, 1], "texture": "#0"},
				"west": {"uv": [6.5, 0, 6.75, 1], "texture": "#0"},
				"up": {"uv": [6.75, 0, 7, 1], "texture": "#0"},
				"down": {"uv": [6.25, 0, 6.5, 1], "texture": "#0"}
			}
		},
		{
			"from": [3, 2, 7],
			"to": [4, 4, 9],
			"faces": {
				"north": {"uv": [6.5, 0, 6.75, 1], "texture": "#0"},
				"east": {"uv": [6.5, 0, 6.75, 1], "texture": "#0"},
				"south": {"uv": [6.5, 0, 6.75, 1], "texture": "#0"},
				"west": {"uv": [6.5, 0, 6.75, 1], "texture": "#0"},
				"up": {"uv": [6.75, 0, 7, 1], "texture": "#0"},
				"down": {"uv": [6.25, 0, 6.5, 1], "texture": "#0"}
			}
		},
		{
			"from": [13, 1.5, 6.5],
			"to": [14, 4.5, 9.5],
			"faces": {
				"north": {"uv": [6.25, 2, 6.5, 3.5], "texture": "#0"},
				"east": {"uv": [6.5, 2, 7.25, 3.5], "texture": "#0"},
				"south": {"uv": [6.25, 2, 6.5, 3.5], "texture": "#0"},
				"west": {"uv": [6.5, 2, 7.25, 3.5], "texture": "#0"},
				"up": {"uv": [6.5, 1.5, 7.25, 2], "rotation": 270, "texture": "#0"},
				"down": {"uv": [7.25, 1.5, 8, 2], "rotation": 270, "texture": "#0"}
			}
		},
		{
			"from": [2, 1.5, 6.5],
			"to": [3, 4.5, 9.5],
			"faces": {
				"north": {"uv": [6.25, 2, 6.5, 3.5], "texture": "#0"},
				"east": {"uv": [6.5, 2, 7.25, 3.5], "texture": "#0"},
				"south": {"uv": [6.25, 2, 6.5, 3.5], "texture": "#0"},
				"west": {"uv": [6.5, 2, 7.25, 3.5], "texture": "#0"},
				"up": {"uv": [6.5, 1.5, 7.25, 2], "rotation": 270, "texture": "#0"},
				"down": {"uv": [7.25, 1.5, 8, 2], "rotation": 270, "texture": "#0"}
			}
		},
		{
			"from": [3.49, 5.5, 3.5],
			"to": [3.49, 11.5, 12.5],
			"rotation": {"angle": 0, "axis": "z", "origin": [3.5, 11.5, 8]},
			"faces": {
				"north": {"uv": [0, 0, 1.5, 0], "rotation": 90, "texture": "#missing"},
				"east": {"uv": [14.25, 4, 12, 7], "texture": "#0"},
				"south": {"uv": [0, 0, 1.5, 0], "rotation": 270, "texture": "#missing"},
				"west": {"uv": [12, 4, 14, 7], "texture": "#0"},
				"up": {"uv": [0, 0, 2.25, 0], "rotation": 270, "texture": "#missing"},
				"down": {"uv": [0, 0, 2.25, 0], "rotation": 270, "texture": "#missing"}
			}
		},
		{
			"from": [3.5, 11.51, 3.5],
			"to": [12.5, 11.51, 12.5],
			"faces": {
				"north": {"uv": [0, 0, 2.25, 0], "texture": "#missing"},
				"east": {"uv": [0, 0, 2.25, 0], "texture": "#missing"},
				"south": {"uv": [0, 0, 2.25, 0], "texture": "#missing"},
				"west": {"uv": [0, 0, 2.25, 0], "texture": "#missing"},
				"up": {"uv": [10, 0, 12, 4], "rotation": 180, "texture": "#0"},
				"down": {"uv": [10, 0, 12, 4], "texture": "#0"}
			}
		},
		{
			"from": [3.5, 3.5, 12.51],
			"to": [12.5, 11.5, 12.51],
			"rotation": {"angle": 0, "axis": "x", "origin": [8, 11.5, 12.5]},
			"faces": {
				"north": {"uv": [14, 4, 16, 8], "texture": "#0"},
				"east": {"uv": [0, 0, 2, 0], "rotation": 270, "texture": "#missing"},
				"south": {"uv": [14, 4, 16, 8], "texture": "#0"},
				"west": {"uv": [0, 0, 2, 0], "rotation": 90, "texture": "#missing"},
				"up": {"uv": [0, 0, 2.25, 0], "rotation": 180, "texture": "#missing"},
				"down": {"uv": [0, 0, 2.25, 0], "texture": "#missing"}
			}
		},
		{
			"from": [3.5, 8.5, 3.49],
			"to": [12.5, 11.5, 3.49],
			"rotation": {"angle": 0, "axis": "x", "origin": [8, 11.5, 12.5]},
			"faces": {
				"north": {"uv": [10, 4, 12, 5.5], "texture": "#0"},
				"east": {"uv": [0, 0, 0.5, 0], "rotation": 270, "texture": "#missing"},
				"south": {"uv": [10, 4, 12, 5.5], "texture": "#0"},
				"west": {"uv": [0, 0, 0.5, 0], "rotation": 90, "texture": "#missing"},
				"up": {"uv": [0, 0, 2.25, 0], "rotation": 180, "texture": "#missing"},
				"down": {"uv": [0, 0, 2.25, 0], "texture": "#missing"}
			}
		},
		{
			"from": [12.51, 5.5, 3.5],
			"to": [12.51, 11.5, 12.5],
			"rotation": {"angle": 0, "axis": "z", "origin": [12.5, 11.5, 8]},
			"faces": {
				"north": {"uv": [0, 0, 1.5, 0], "rotation": 270, "texture": "#missing"},
				"east": {"uv": [8, 4, 10, 7], "texture": "#0"},
				"south": {"uv": [0, 0, 1.5, 0], "rotation": 90, "texture": "#missing"},
				"west": {"uv": [10, 4, 8, 7], "texture": "#0"},
				"up": {"uv": [0, 0, 2.25, 0], "rotation": 90, "texture": "#missing"},
				"down": {"uv": [0, 0, 2.25, 0], "rotation": 90, "texture": "#missing"}
			}
		}
	],
	"display": {
		"thirdperson_righthand": {
			"rotation": [75, 45, 0],
			"translation": [0, 2.5, 0],
			"scale": [0.375, 0.375, 0.375]
		},
		"thirdperson_lefthand": {
			"rotation": [75, 45, 0],
			"translation": [0, 2.5, 0],
			"scale": [0.375, 0.375, 0.375]
		},
		"firstperson_righthand": {
			"rotation": [0, 45, 0],
			"scale": [0.4, 0.4, 0.4]
		},
		"firstperson_lefthand": {
			"rotation": [0, 225, 0],
			"scale": [0.4, 0.4, 0.4]
		},
		"ground": {
			"translation": [0, 3, 0],
			"scale": [0.25, 0.25, 0.25]
		},
		"gui": {
			"rotation": [30, 225, 0],
			"translation": [0, 1, 0],
			"scale": [0.9, 0.9, 0.9]
		},
		"head": {
			"translation": [0, 6.4, 0],
			"scale": [1.66, 1.66, 1.66]
		},
		"fixed": {
			"scale": [0.75, 0.75, 0.75]
		}
	}
}