{
	"credit": "Made with Blockbench",
	"texture_size": [64, 32],
	"textures": {
		"0": "hlw:item/decoration/gravestone"
	},
	"elements": [
		{
			"from": [2, -2, 6],
			"to": [14, 16, 10],
			"rotation": {"angle": 0, "axis": "y", "origin": [8, 0, 8]},
			"faces": {
				"north": {"uv": [0, 1, 3, 10], "texture": "#0"},
				"east": {"uv": [7, 1, 8, 10], "texture": "#0"},
				"south": {"uv": [4, 1, 7, 10], "texture": "#0"},
				"west": {"uv": [3, 1, 4, 10], "texture": "#0"},
				"up": {"uv": [8, 0, 11, 2], "texture": "#0"},
				"down": {"uv": [8, 0, 11, 2], "texture": "#0"}
			}
		},
		{
			"from": [3, 16, 6],
			"to": [13, 18, 10],
			"rotation": {"angle": 0, "axis": "y", "origin": [7, 0, 8]},
			"faces": {
				"north": {"uv": [0.25, 0, 2.75, 1], "texture": "#0"},
				"east": {"uv": [7, 0, 8, 1], "texture": "#0"},
				"south": {"uv": [4.25, 0, 6.75, 1], "texture": "#0"},
				"west": {"uv": [3, 0, 4, 1], "texture": "#0"},
				"up": {"uv": [8.25, 0, 10.75, 2], "texture": "#0"},
				"down": {"uv": [8.25, 0, 10.75, 2], "texture": "#0"}
			}
		}
	],
	"display": {},
	"groups": [
		{
			"name": "grave",
			"origin": [8, 0, 6],
			"color": 0,
			"nbt": "{}",
			"children": [0, 1]
		}
	]
}