{
	"credit": "Made with Blockbench",
	"textures": {
		"0": "hlw:item/happy_mask",
		"particle": "hlw:item/happy_mask"
	},
	"elements": [
		{
			"from": [4, 0, 5],
			"to": [12, 8, 7],
			"faces": {
				"north": {"uv": [0, 0, 8, 8], "texture": "#0"},
				"east": {"uv": [10, 0, 8, 8], "texture": "#0"},
				"south": {"uv": [8, 8, 16, 16], "texture": "#0"},
				"west": {"uv": [9, 0, 10, 8], "texture": "#0"},
				"up": {"uv": [0, 8, 8, 10], "texture": "#0"},
				"down": {"uv": [0, 9, 4, 10], "texture": "#0"}
			}
		},
		{
			"from": [4, 2, 7],
			"to": [12, 3, 13],
			"faces": {
				"north": {"uv": [6, 11, 7, 12], "texture": "#0"},
				"east": {"uv": [0, 11, 6, 12], "texture": "#0"},
				"south": {"uv": [0, 10, 8, 11], "texture": "#0"},
				"west": {"uv": [6, 11, 0, 12], "texture": "#0"},
				"up": {"uv": [10, 8, 16, 0], "rotation": 90, "texture": "#0"},
				"down": {"uv": [16, 8, 10, 0], "rotation": 90, "texture": "#0"}
			}
		},
		{
			"name": "cube inverted",
			"from": [12, 3, 13],
			"to": [4, 2, 7],
			"faces": {
				"north": {"uv": [0, 11, 8, 10], "texture": "#0"},
				"east": {"uv": [6, 12, 0, 11], "texture": "#0"},
				"south": {"uv": [6, 12, 7, 11], "texture": "#0"},
				"west": {"uv": [0, 12, 6, 11], "texture": "#0"},
				"up": {"uv": [16, 0, 10, 8], "rotation": 90, "texture": "#0"},
				"down": {"uv": [10, 0, 16, 8], "rotation": 90, "texture": "#0"}
			}
		}
	],
	"display": {
		"thirdperson_righthand": {
			"translation": [0, 3.25, 1],
			"scale": [0.4, 0.4, 0.4]
		},
		"thirdperson_lefthand": {
			"translation": [0, 3.25, 1],
			"scale": [0.4, 0.4, 0.4]
		},
		"firstperson_righthand": {
			"rotation": [0, 110, 0],
			"translation": [1.5, 5.5, 0.5],
			"scale": [0.5, 0.5, 0.5]
		},
		"firstperson_lefthand": {
			"rotation": [0, 110, 0],
			"translation": [1.5, 5.5, 0.5],
			"scale": [0.5, 0.5, 0.5]
		},
		"ground": {
			"translation": [0, 4, 0],
			"scale": [0.4, 0.4, 0.4]
		},
		"gui": {
			"rotation": [30, 225, 0],
			"translation": [0, 3, 0]
		},
		"head": {
			"translation": [0, 7.5, -2.25],
			"scale": [1.85, 1.85, 1.85]
		},
		"fixed": {
			"translation": [0, 4, 2]
		}
	},
	"groups": [
		{
			"name": "hat",
			"origin": [0, 11, 0],
			"rotation": [5, 0, 0],
			"color": 0,
			"nbt": "{}",
			"children": [0, 1, 2]
		}
	]
}