{
	"credit": "Made with Blockbench",
	"texture_size": [32, 32],
	"textures": {
		"0": "hlw:item/decoration/scary_jacko",
		"particle": "hlw:item/decoration/scary_jacko"
	},
	"elements": [
		{
			"from": [3, 0, 4],
			"to": [13, 8, 13],
			"faces": {
				"north": {"uv": [10, 5, 15, 9], "texture": "#0"},
				"east": {"uv": [0, 5, 4.5, 9], "texture": "#0"},
				"south": {"uv": [0, 5, 5, 9], "texture": "#0"},
				"west": {"uv": [0.5, 5, 5, 9], "texture": "#0"},
				"up": {"uv": [5, 0, 10, 4.5], "rotation": 180, "texture": "#0"},
				"down": {"uv": [5, 0, 10, 4.5], "texture": "#0"}
			}
		},
		{
			"from": [3, 1, 3],
			"to": [5, 2, 4],
			"faces": {
				"north": {"uv": [9, 8, 10, 8.5], "texture": "#0"},
				"east": {"uv": [7, 2, 7.5, 2.5], "rotation": 180, "texture": "#0"},
				"south": {"uv": [0, 0, 0, 0], "texture": "#0"},
				"west": {"uv": [0, 8, 0.5, 8.5], "texture": "#0"},
				"up": {"uv": [7, 2, 7.5, 2.5], "rotation": 180, "texture": "#0"},
				"down": {"uv": [0, 0, 0, 0], "texture": "#0"}
			}
		},
		{
			"from": [11, 1, 3],
			"to": [13, 2, 4],
			"faces": {
				"north": {"uv": [5, 8, 6, 8.5], "texture": "#0"},
				"east": {"uv": [4.5, 8, 5, 8.5], "texture": "#0"},
				"south": {"uv": [0, 0, 0, 0], "texture": "#0"},
				"west": {"uv": [7, 2, 7.5, 2.5], "rotation": 180, "texture": "#0"},
				"up": {"uv": [7, 2, 7.5, 2.5], "rotation": 180, "texture": "#0"},
				"down": {"uv": [7, 2, 7.5, 2.5], "texture": "#0"}
			}
		},
		{
			"from": [3, 2, 3],
			"to": [4, 3, 4],
			"faces": {
				"north": {"uv": [9.5, 7.5, 10, 8], "texture": "#0"},
				"east": {"uv": [7, 2, 7.5, 2.5], "rotation": 180, "texture": "#0"},
				"south": {"uv": [0, 0, 0, 0], "texture": "#0"},
				"west": {"uv": [0, 7.5, 0.5, 8], "texture": "#0"},
				"up": {"uv": [0, 0, 0, 0], "texture": "#0"},
				"down": {"uv": [0, 0, 0, 0], "texture": "#0"}
			}
		},
		{
			"from": [12, 2, 3],
			"to": [13, 3, 4],
			"faces": {
				"north": {"uv": [5, 7.5, 5.5, 8], "texture": "#0"},
				"east": {"uv": [4.5, 7.5, 5, 8], "texture": "#0"},
				"south": {"uv": [0, 0, 0, 0], "texture": "#0"},
				"west": {"uv": [7, 2, 7.5, 2.5], "rotation": 180, "texture": "#0"},
				"up": {"uv": [7, 2, 7.5, 2.5], "texture": "#0"},
				"down": {"uv": [7, 2, 7.5, 2.5], "texture": "#0"}
			}
		},
		{
			"from": [9, 2, 3],
			"to": [10, 3, 4],
			"faces": {
				"north": {"uv": [6.5, 7.5, 7, 8], "texture": "#0"},
				"east": {"uv": [7, 2, 7.5, 2.5], "texture": "#0"},
				"south": {"uv": [0, 0, 0, 0], "texture": "#0"},
				"west": {"uv": [7, 2, 7.5, 2.5], "rotation": 180, "texture": "#0"},
				"up": {"uv": [7, 2, 7.5, 2.5], "texture": "#0"},
				"down": {"uv": [7, 2, 7.5, 2.5], "texture": "#0"}
			}
		},
		{
			"from": [6, 2, 3],
			"to": [7, 3, 4],
			"faces": {
				"north": {"uv": [8, 7.5, 8.5, 8], "texture": "#0"},
				"east": {"uv": [7, 2, 7.5, 2.5], "texture": "#0"},
				"south": {"uv": [0, 0, 0, 0], "texture": "#0"},
				"west": {"uv": [7, 2, 7.5, 2.5], "rotation": 180, "texture": "#0"},
				"up": {"uv": [7, 2, 7.5, 2.5], "texture": "#0"},
				"down": {"uv": [7, 2, 7.5, 2.5], "texture": "#0"}
			}
		},
		{
			"from": [11, 4, 3],
			"to": [13, 5, 4],
			"faces": {
				"north": {"uv": [5, 6.5, 6, 7], "texture": "#0"},
				"east": {"uv": [4.5, 6.5, 5, 7], "texture": "#0"},
				"south": {"uv": [0, 0, 0, 0], "texture": "#0"},
				"west": {"uv": [7, 2, 7.5, 2.5], "rotation": 180, "texture": "#0"},
				"up": {"uv": [7, 2, 7.5, 2.5], "texture": "#0"},
				"down": {"uv": [7, 2, 7.5, 2.5], "texture": "#0"}
			}
		},
		{
			"from": [7, 4, 3],
			"to": [9, 5, 4],
			"faces": {
				"north": {"uv": [7, 6.5, 8, 7], "texture": "#0"},
				"east": {"uv": [7, 2, 7.5, 2.5], "rotation": 180, "texture": "#0"},
				"south": {"uv": [0, 0, 0, 0], "texture": "#0"},
				"west": {"uv": [7, 2, 7.5, 2.5], "rotation": 180, "texture": "#0"},
				"up": {"uv": [7, 2, 7.5, 2.5], "texture": "#0"},
				"down": {"uv": [7, 2, 7.5, 2.5], "texture": "#0"}
			}
		},
		{
			"from": [6, 5, 3],
			"to": [10, 6, 4],
			"faces": {
				"north": {"uv": [6.5, 6, 8.5, 6.5], "texture": "#0"},
				"east": {"uv": [7, 2, 7.5, 2.5], "rotation": 180, "texture": "#0"},
				"south": {"uv": [0, 0, 0, 0], "texture": "#0"},
				"west": {"uv": [7, 2, 7.5, 2.5], "rotation": 180, "texture": "#0"},
				"up": {"uv": [7, 2, 7.5, 2.5], "texture": "#0"},
				"down": {"uv": [7, 2, 7.5, 2.5], "rotation": 180, "texture": "#0"}
			}
		},
		{
			"from": [3, 4, 3],
			"to": [5, 5, 4],
			"faces": {
				"north": {"uv": [9, 6.5, 10, 7], "texture": "#0"},
				"east": {"uv": [7, 2, 7.5, 2.5], "rotation": 180, "texture": "#0"},
				"south": {"uv": [0, 0, 0, 0], "texture": "#0"},
				"west": {"uv": [0, 6.5, 0.5, 7], "texture": "#0"},
				"up": {"uv": [7, 2, 7.5, 2.5], "texture": "#0"},
				"down": {"uv": [7, 2, 7.5, 2.5], "texture": "#0"}
			}
		},
		{
			"from": [3, 5, 3],
			"to": [4, 6, 4],
			"faces": {
				"north": {"uv": [9.5, 6, 10, 6.5], "texture": "#0"},
				"east": {"uv": [7, 2, 7.5, 2.5], "rotation": 180, "texture": "#0"},
				"south": {"uv": [0, 0, 0, 0], "texture": "#0"},
				"west": {"uv": [0, 6, 0.5, 6.5], "texture": "#0"},
				"up": {"uv": [7, 2, 7.5, 2.5], "texture": "#0"},
				"down": {"uv": [7, 2, 7.5, 2.5], "texture": "#0"}
			}
		},
		{
			"from": [12, 5, 3],
			"to": [13, 6, 4],
			"faces": {
				"north": {"uv": [5, 6, 5.5, 6.5], "texture": "#0"},
				"east": {"uv": [4.5, 6, 5, 6.5], "texture": "#0"},
				"south": {"uv": [0, 0, 0, 0], "texture": "#0"},
				"west": {"uv": [7, 2, 7.5, 2.5], "rotation": 180, "texture": "#0"},
				"up": {"uv": [7, 2, 7.5, 2.5], "texture": "#0"},
				"down": {"uv": [7, 2, 7.5, 2.5], "texture": "#0"}
			}
		},
		{
			"from": [3, 0, 3],
			"to": [13, 1, 4],
			"faces": {
				"north": {"uv": [5, 8.5, 10, 9], "texture": "#0"},
				"east": {"uv": [4.5, 8.5, 5, 9], "texture": "#0"},
				"south": {"uv": [0, 0, 0, 0], "texture": "#0"},
				"west": {"uv": [0, 8.5, 0.5, 9], "texture": "#0"},
				"up": {"uv": [7, 2, 7.5, 2.5], "rotation": 180, "texture": "#0"},
				"down": {"uv": [5, 4.5, 10, 5], "texture": "#0"}
			}
		},
		{
			"from": [3, 3, 3],
			"to": [13, 4, 4],
			"faces": {
				"north": {"uv": [5, 7, 10, 7.5], "texture": "#0"},
				"east": {"uv": [4.5, 7, 5, 7.5], "texture": "#0"},
				"south": {"uv": [0, 0, 0, 0], "texture": "#0"},
				"west": {"uv": [0, 7, 0.5, 7.5], "texture": "#0"},
				"up": {"uv": [7, 2, 7.5, 2.5], "rotation": 180, "texture": "#0"},
				"down": {"uv": [7, 2, 7.5, 2.5], "rotation": 180, "texture": "#0"}
			}
		},
		{
			"from": [3, 6, 3],
			"to": [13, 8, 4],
			"faces": {
				"north": {"uv": [5, 5, 10, 6], "texture": "#0"},
				"east": {"uv": [4.5, 5, 5, 6], "texture": "#0"},
				"south": {"uv": [0, 0, 0, 0], "texture": "#0"},
				"west": {"uv": [0, 5, 0.5, 6], "texture": "#0"},
				"up": {"uv": [5, 4.5, 10, 5], "rotation": 180, "texture": "#0"},
				"down": {"uv": [7, 2, 7.5, 2.5], "rotation": 180, "texture": "#0"}
			}
		},
		{
			"from": [7, 8, 7],
			"to": [9, 10, 9],
			"faces": {
				"north": {"uv": [2, 4, 3, 5], "texture": "#0"},
				"east": {"uv": [2, 4, 3, 5], "texture": "#0"},
				"south": {"uv": [2, 4, 3, 5], "texture": "#0"},
				"west": {"uv": [2, 4, 3, 5], "texture": "#0"},
				"up": {"uv": [2, 3, 3, 4], "rotation": 180, "texture": "#0"},
				"down": {"uv": [0, 0, 0, 0], "texture": "#0"}
			}
		}
	]
}