{
	"credit": "Made with Blockbench",
	"texture_size": [32, 32],
	"textures": {
		"0": "hlw:item/decoration/silly_jacko",
		"particle": "hlw:item/decoration/silly_jacko"
	},
	"elements": [
		{
			"from": [4, 0, 5],
			"to": [12, 9, 12],
			"faces": {
				"north": {"uv": [8, 4, 12, 8.5], "texture": "#0"},
				"east": {"uv": [0, 4, 3.5, 8.5], "texture": "#0"},
				"south": {"uv": [0, 4, 4, 8.5], "texture": "#0"},
				"west": {"uv": [0.5, 4, 4, 8.5], "texture": "#0"},
				"up": {"uv": [4, 0, 8, 3.5], "rotation": 180, "texture": "#0"},
				"down": {"uv": [4, 0, 8, 3.5], "texture": "#0"}
			}
		},
		{
			"from": [7, 9, 7],
			"to": [9, 11, 9],
			"faces": {
				"north": {"uv": [1.5, 3, 2.5, 4], "texture": "#0"},
				"east": {"uv": [1.5, 3, 2.5, 4], "texture": "#0"},
				"south": {"uv": [1.5, 3, 2.5, 4], "texture": "#0"},
				"west": {"uv": [1.5, 3, 2.5, 4], "texture": "#0"},
				"up": {"uv": [1.5, 2, 2.5, 3], "rotation": 180, "texture": "#0"},
				"down": {"uv": [0, 0, 0, 0], "texture": "#0"}
			}
		},
		{
			"from": [4, 0, 4],
			"to": [12, 1, 5],
			"faces": {
				"north": {"uv": [4, 8, 8, 8.5], "texture": "#0"},
				"east": {"uv": [3.5, 8, 4, 8.5], "texture": "#0"},
				"south": {"uv": [0, 0, 0, 0], "texture": "#0"},
				"west": {"uv": [0, 8, 0.5, 8.5], "texture": "#0"},
				"up": {"uv": [5.5, 1.5, 6, 2], "texture": "#0"},
				"down": {"uv": [4, 3.5, 8, 4], "texture": "#0"}
			}
		},
		{
			"from": [11, 1, 4],
			"to": [12, 8, 5],
			"faces": {
				"north": {"uv": [4, 4.5, 4.5, 8], "texture": "#0"},
				"east": {"uv": [3.5, 4.5, 4, 8], "texture": "#0"},
				"south": {"uv": [0, 0, 0, 0], "texture": "#0"},
				"west": {"uv": [5.5, 1.5, 6, 2], "texture": "#0"},
				"up": {"uv": [0, 0, 0, 0], "texture": "#0"},
				"down": {"uv": [0, 0, 0, 0], "texture": "#0"}
			}
		},
		{
			"from": [4, 1, 4],
			"to": [5, 8, 5],
			"faces": {
				"north": {"uv": [7.5, 4.5, 8, 8], "texture": "#0"},
				"east": {"uv": [5.5, 1.5, 6, 2], "texture": "#0"},
				"south": {"uv": [0, 0, 0, 0], "texture": "#0"},
				"west": {"uv": [0, 4.5, 0.5, 8], "texture": "#0"},
				"up": {"uv": [0, 0, 0, 0], "texture": "#0"},
				"down": {"uv": [0, 0, 0, 0], "texture": "#0"}
			}
		},
		{
			"from": [7, 5, 4],
			"to": [9, 8, 5],
			"faces": {
				"north": {"uv": [5.5, 4.5, 6.5, 6], "texture": "#0"},
				"east": {"uv": [5.5, 1.5, 6, 2], "texture": "#0"},
				"south": {"uv": [0, 0, 0, 0], "texture": "#0"},
				"west": {"uv": [5.5, 1.5, 6, 2], "texture": "#0"},
				"up": {"uv": [0, 0, 0, 0], "texture": "#0"},
				"down": {"uv": [0, 0, 0, 0], "texture": "#0"}
			}
		},
		{
			"from": [5, 4, 4],
			"to": [11, 5, 5],
			"faces": {
				"north": {"uv": [4.5, 6, 7.5, 6.5], "texture": "#0"},
				"east": {"uv": [0, 0, 0, 0], "texture": "#0"},
				"south": {"uv": [0, 0, 0, 0], "texture": "#0"},
				"west": {"uv": [0, 0, 0, 0], "texture": "#0"},
				"up": {"uv": [5.5, 1.5, 6, 2], "texture": "#0"},
				"down": {"uv": [5.5, 1.5, 6, 2], "texture": "#0"}
			}
		},
		{
			"from": [9, 3, 4],
			"to": [10, 4, 5],
			"faces": {
				"north": {"uv": [5, 6.5, 5.5, 7], "texture": "#0"},
				"east": {"uv": [5.5, 1.5, 6, 2], "texture": "#0"},
				"south": {"uv": [0, 0, 0, 0], "texture": "#0"},
				"west": {"uv": [5.5, 1.5, 6, 2], "texture": "#0"},
				"up": {"uv": [0, 0, 0, 0], "texture": "#0"},
				"down": {"uv": [5.5, 1.5, 6, 2], "texture": "#0"}
			}
		},
		{
			"from": [10, 1, 4],
			"to": [11, 2, 5],
			"faces": {
				"north": {"uv": [4.5, 7.5, 5, 8], "texture": "#0"},
				"east": {"uv": [0, 0, 0, 0], "texture": "#0"},
				"south": {"uv": [0, 0, 0, 0], "texture": "#0"},
				"west": {"uv": [5.5, 1.5, 6, 2], "texture": "#0"},
				"up": {"uv": [5.5, 1.5, 6, 2], "texture": "#0"},
				"down": {"uv": [0, 0, 0, 0], "texture": "#0"}
			}
		},
		{
			"from": [5, 1, 4],
			"to": [6, 2, 5],
			"faces": {
				"north": {"uv": [7, 7.5, 7.5, 8], "texture": "#0"},
				"east": {"uv": [5.5, 1.5, 6, 2], "texture": "#0"},
				"south": {"uv": [0, 0, 0, 0], "texture": "#0"},
				"west": {"uv": [0, 0, 0, 0], "texture": "#0"},
				"up": {"uv": [5.5, 1.5, 6, 2], "texture": "#0"},
				"down": {"uv": [0, 0, 0, 0], "texture": "#0"}
			}
		},
		{
			"from": [5, 7, 4],
			"to": [6, 8, 5],
			"faces": {
				"north": {"uv": [7, 4.5, 7.5, 5], "texture": "#0"},
				"east": {"uv": [5.5, 1.5, 6, 2], "texture": "#0"},
				"south": {"uv": [0, 0, 0, 0], "texture": "#0"},
				"west": {"uv": [0, 0, 0, 0], "texture": "#0"},
				"up": {"uv": [0, 0, 0, 0], "texture": "#0"},
				"down": {"uv": [5.5, 1.5, 6, 2], "texture": "#0"}
			}
		},
		{
			"from": [10, 6, 4],
			"to": [11, 7, 5],
			"faces": {
				"north": {"uv": [4.5, 5, 5, 5.5], "texture": "#0"},
				"east": {"uv": [0, 0, 0, 0], "texture": "#0"},
				"south": {"uv": [0, 0, 0, 0], "texture": "#0"},
				"west": {"uv": [5.5, 1.5, 6, 2], "texture": "#0"},
				"up": {"uv": [0, 0, 0, 0], "texture": "#0"},
				"down": {"uv": [5.5, 1.5, 6, 2], "texture": "#0"}
			}
		},
		{
			"from": [9, 7, 4],
			"to": [11, 8, 5],
			"faces": {
				"north": {"uv": [4.5, 4.5, 5.5, 5], "texture": "#0"},
				"east": {"uv": [0, 0, 0, 0], "texture": "#0"},
				"south": {"uv": [0, 0, 0, 0], "texture": "#0"},
				"west": {"uv": [0, 0, 0, 0], "texture": "#0"},
				"up": {"uv": [0, 0, 0, 0], "texture": "#0"},
				"down": {"uv": [5.5, 1.5, 6, 2], "texture": "#0"}
			}
		},
		{
			"from": [6, 3, 4],
			"to": [7, 4, 5],
			"faces": {
				"north": {"uv": [6.5, 6.5, 7, 7], "texture": "#0"},
				"east": {"uv": [5.5, 1.5, 6, 2], "texture": "#0"},
				"south": {"uv": [0, 0, 0, 0], "texture": "#0"},
				"west": {"uv": [5.5, 1.5, 6, 2], "texture": "#0"},
				"up": {"uv": [0, 0, 0, 0], "texture": "#0"},
				"down": {"uv": [5.5, 1.5, 6, 2], "texture": "#0"}
			}
		},
		{
			"from": [4, 8, 4],
			"to": [12, 9, 5],
			"faces": {
				"north": {"uv": [4, 4, 8, 4.5], "texture": "#0"},
				"east": {"uv": [3.5, 4, 4, 4.5], "texture": "#0"},
				"south": {"uv": [0, 0, 0, 0], "texture": "#0"},
				"west": {"uv": [0, 4, 0.5, 4.5], "texture": "#0"},
				"up": {"uv": [4, 3.5, 8, 4], "rotation": 180, "texture": "#0"},
				"down": {"uv": [5.5, 1.5, 6, 2], "texture": "#0"}
			}
		}
	]
}