{
	"credit": "Made with Blockbench",
	"texture_size": [32, 32],
	"textures": {
		"0": "hlw:item/decoration/spooky_jacko",
		"particle": "hlw:item/decoration/spooky_jacko"
	},
	"elements": [
		{
			"from": [3, 0, 4],
			"to": [13, 6, 13],
			"faces": {
				"north": {"uv": [10, 7, 15, 10], "texture": "#0"},
				"east": {"uv": [0, 7, 4.5, 10], "texture": "#0"},
				"south": {"uv": [0, 7, 5, 10], "texture": "#0"},
				"west": {"uv": [0.5, 7, 5, 10], "texture": "#0"},
				"up": {"uv": [5, 0, 10, 4.5], "rotation": 180, "texture": "#0"},
				"down": {"uv": [5, 0, 10, 4.5], "texture": "#0"}
			}
		},
		{
			"from": [9, 0, 3],
			"to": [13, 6, 4],
			"faces": {
				"north": {"uv": [5, 7, 7, 10], "texture": "#0"},
				"east": {"uv": [4.5, 7, 5, 10], "texture": "#0"},
				"south": {"uv": [0, 0, 0, 0], "texture": "#0"},
				"west": {"uv": [7, 2, 7.5, 2.5], "texture": "#0"},
				"up": {"uv": [5, 4.5, 7, 5], "rotation": 180, "texture": "#0"},
				"down": {"uv": [5, 4.5, 7, 5], "rotation": 180, "texture": "#0"}
			}
		},
		{
			"from": [3, 0, 3],
			"to": [7, 6, 4],
			"faces": {
				"north": {"uv": [8, 7, 10, 10], "texture": "#0"},
				"east": {"uv": [7, 2, 7.5, 2.5], "texture": "#0"},
				"south": {"uv": [0, 0, 0, 0], "texture": "#0"},
				"west": {"uv": [0, 7, 0.5, 10], "texture": "#0"},
				"up": {"uv": [8, 4.5, 10, 5], "rotation": 180, "texture": "#0"},
				"down": {"uv": [8, 4.5, 10, 5], "rotation": 180, "texture": "#0"}
			}
		},
		{
			"from": [7, 5, 3],
			"to": [9, 6, 4],
			"faces": {
				"north": {"uv": [7, 7, 8, 7.5], "texture": "#0"},
				"east": {"uv": [0, 0, 0, 0], "texture": "#0"},
				"south": {"uv": [0, 0, 0, 0], "texture": "#0"},
				"west": {"uv": [0, 0, 0, 0], "texture": "#0"},
				"up": {"uv": [7, 4.5, 8, 5], "rotation": 180, "texture": "#0"},
				"down": {"uv": [7, 2, 7.5, 2.5], "texture": "#0"}
			}
		},
		{
			"from": [7, 0, 3],
			"to": [9, 1, 4],
			"faces": {
				"north": {"uv": [7, 9.5, 8, 10], "texture": "#0"},
				"east": {"uv": [0, 0, 0, 0], "texture": "#0"},
				"south": {"uv": [0, 0, 0, 0], "texture": "#0"},
				"west": {"uv": [0, 0, 0, 0], "texture": "#0"},
				"up": {"uv": [7, 2, 7.5, 2.5], "texture": "#0"},
				"down": {"uv": [7, 4.5, 8, 5], "rotation": 180, "texture": "#0"}
			}
		},
		{
			"from": [4, 8, 4],
			"to": [12, 10, 5],
			"faces": {
				"north": {"uv": [5.5, 5, 9.5, 6], "texture": "#0"},
				"east": {"uv": [4, 5, 4.5, 6], "texture": "#0"},
				"south": {"uv": [0, 0, 0, 0], "texture": "#0"},
				"west": {"uv": [0.5, 5, 1, 6], "texture": "#0"},
				"up": {"uv": [5.5, 4, 9.5, 4.5], "rotation": 180, "texture": "#0"},
				"down": {"uv": [7, 2, 7.5, 2.5], "texture": "#0"}
			}
		},
		{
			"from": [10, 6, 4],
			"to": [12, 8, 5],
			"faces": {
				"north": {"uv": [5.5, 6, 6.5, 7], "texture": "#0"},
				"east": {"uv": [4, 6, 4.5, 7], "texture": "#0"},
				"south": {"uv": [0, 0, 0, 0], "texture": "#0"},
				"west": {"uv": [7, 2, 7.5, 2.5], "texture": "#0"},
				"up": {"uv": [0, 0, 0, 0], "texture": "#0"},
				"down": {"uv": [0, 0, 0, 0], "texture": "#0"}
			}
		},
		{
			"from": [7, 6, 4],
			"to": [9, 8, 5],
			"faces": {
				"north": {"uv": [7, 6, 8, 7], "texture": "#0"},
				"east": {"uv": [7, 2, 7.5, 2.5], "texture": "#0"},
				"south": {"uv": [0, 0, 0, 0], "texture": "#0"},
				"west": {"uv": [7, 2, 7.5, 2.5], "texture": "#0"},
				"up": {"uv": [0, 0, 0, 0], "texture": "#0"},
				"down": {"uv": [0, 0, 0, 0], "texture": "#0"}
			}
		},
		{
			"from": [4, 6, 4],
			"to": [6, 8, 5],
			"faces": {
				"north": {"uv": [8.5, 6, 9.5, 7], "texture": "#0"},
				"east": {"uv": [7, 2, 7.5, 2.5], "texture": "#0"},
				"south": {"uv": [0, 0, 0, 0], "texture": "#0"},
				"west": {"uv": [0.5, 6, 1, 7], "texture": "#0"},
				"up": {"uv": [0, 0, 0, 0], "texture": "#0"},
				"down": {"uv": [0, 0, 0, 0], "texture": "#0"}
			}
		},
		{
			"from": [4, 6, 5],
			"to": [12, 10, 12],
			"faces": {
				"north": {"uv": [10.5, 5, 14.5, 7], "texture": "#0"},
				"east": {"uv": [0.5, 5, 4, 7], "texture": "#0"},
				"south": {"uv": [0.5, 5, 4.5, 7], "texture": "#0"},
				"west": {"uv": [1, 5, 4.5, 7], "texture": "#0"},
				"up": {"uv": [5.5, 0.5, 9.5, 4], "rotation": 180, "texture": "#0"},
				"down": {"uv": [5, 0, 10, 4.5], "texture": "#0"}
			}
		},
		{
			"from": [7, 10, 7],
			"to": [9, 12, 9],
			"faces": {
				"north": {"uv": [2, 4, 3, 5], "texture": "#0"},
				"east": {"uv": [2, 4, 3, 5], "texture": "#0"},
				"south": {"uv": [2, 4, 3, 5], "texture": "#0"},
				"west": {"uv": [2, 4, 3, 5], "texture": "#0"},
				"up": {"uv": [2, 3, 3, 4], "rotation": 180, "texture": "#0"},
				"down": {"uv": [0, 0, 0, 0], "texture": "#0"}
			}
		},
		{
			"from": [6, 6.001, 4],
			"to": [10, 6.001, 5],
			"faces": {
				"north": {"uv": [0, 0, 0, 0], "texture": "#0"},
				"east": {"uv": [0, 0, 0, 0], "texture": "#0"},
				"south": {"uv": [0, 0, 0, 0], "texture": "#0"},
				"west": {"uv": [0, 0, 0, 0], "texture": "#0"},
				"up": {"uv": [7, 2, 7.5, 2.5], "texture": "#0"},
				"down": {"uv": [0, 0, 0, 0], "texture": "#0"}
			}
		}
	]
}