{
	"credit": "Made with Blockbench",
	"texture_size": [32, 32],
	"textures": {
		"0": "hlw:item/witch_hat",
		"particle": "hlw:item/witch_hat"
	},
	"elements": [
		{
			"from": [0, 0, 0],
			"to": [16, 0, 16],
			"faces": {
				"north": {"uv": [0, 0, 0, 0], "texture": "#0"},
				"east": {"uv": [0, 0, 0, 0], "texture": "#0"},
				"south": {"uv": [0, 0, 0, 0], "texture": "#0"},
				"west": {"uv": [0, 0, 0, 0], "texture": "#0"},
				"up": {"uv": [8, 8, 0, 0], "texture": "#0"},
				"down": {"uv": [8, 0, 0, 8], "texture": "#0"}
			}
		},
		{
			"from": [3, 0, 3],
			"to": [13, 3, 13],
			"faces": {
				"north": {"uv": [8, 0, 13, 1.5], "texture": "#0"},
				"east": {"uv": [13, 1.5, 8, 3], "texture": "#0"},
				"south": {"uv": [11.5, 3, 12, 3.5], "texture": "#0"},
				"west": {"uv": [8, 1.5, 13, 3], "texture": "#0"},
				"up": {"uv": [13, 8, 8, 3], "texture": "#0"},
				"down": {"uv": [0, 0, 0, 0], "texture": "#0"}
			}
		},
		{
			"from": [5, 5.89879, 9.35055],
			"to": [11, 14.89879, 17.35055],
			"rotation": {"angle": 22.5, "axis": "x", "origin": [0, 17, -2]},
			"faces": {
				"north": {"uv": [0, 8, 3, 12.5], "texture": "#0"},
				"east": {"uv": [7, 8, 3, 12.5], "texture": "#0"},
				"south": {"uv": [7, 10, 10, 14.5], "texture": "#0"},
				"west": {"uv": [3, 8, 7, 12.5], "texture": "#0"},
				"up": {"uv": [10.5, 8, 13.5, 12], "texture": "#0"},
				"down": {"uv": [0, 0, 0, 0], "texture": "#0"}
			}
		},
		{
			"from": [6, 10.89879, 17.35055],
			"to": [10, 14.89879, 20.35055],
			"rotation": {"angle": 22.5, "axis": "x", "origin": [0, 17, -2]},
			"faces": {
				"north": {"uv": [0, 0, 0, 0], "texture": "#0"},
				"east": {"uv": [8.5, 8, 7, 10], "texture": "#0"},
				"south": {"uv": [8.5, 8, 10.5, 10], "texture": "#0"},
				"west": {"uv": [7, 8, 8.5, 10], "texture": "#0"},
				"up": {"uv": [7, 13, 9, 14.5], "texture": "#0"},
				"down": {"uv": [10, 10, 10.5, 11.5], "texture": "#0"}
			}
		}
	],
	"display": {
		"thirdperson_righthand": {
			"translation": [0, 3.25, 1],
			"scale": [0.4, 0.4, 0.4]
		},
		"thirdperson_lefthand": {
			"translation": [0, 3.25, 1],
			"scale": [0.4, 0.4, 0.4]
		},
		"firstperson_righthand": {
			"rotation": [0, 130, 0],
			"translation": [1.5, 4.5, 0.5],
			"scale": [0.4, 0.4, 0.4]
		},
		"firstperson_lefthand": {
			"rotation": [0, 130, 0],
			"translation": [1.5, 4.5, 0.5],
			"scale": [0.4, 0.4, 0.4]
		},
		"ground": {
			"translation": [0, 3, 0],
			"scale": [0.25, 0.25, 0.25]
		},
		"gui": {
			"rotation": [30, 225, 0],
			"translation": [0, 1, 0],
			"scale": [0.625, 0.625, 0.625]
		},
		"head": {
			"translation": [0, 18, 0],
			"scale": [1.66, 1.66, 1.66]
		},
		"fixed": {
			"scale": [0.8, 0.8, 0.8]
		}
	},
	"groups": [
		{
			"name": "hat",
			"origin": [0, 11, 0],
			"rotation": [5, 0, 0],
			"color": 0,
			"nbt": "{}",
			"children": [0, 1, 2, 3]
		}
	]
}