{
	"credit": "Made with Blockbench",
	"texture_size": [32, 32],
	"textures": {
		"0": "hlw:item/decoration/zombie_plush",
		"particle": "hlw:item/decoration/zombie_plush"
	},
	"elements": [
		{
			"from": [5, 0, 9],
			"to": [11, 9, 13],
			"rotation": {"angle": 0, "axis": "y", "origin": [8, 0, 11]},
			"faces": {
				"north": {"uv": [0, 3, 3, 7.5], "texture": "#0"},
				"east": {"uv": [5, 3, 3, 7.5], "texture": "#0"},
				"south": {"uv": [5, 3, 8, 7.5], "texture": "#0"},
				"west": {"uv": [3, 3, 5, 7.5], "texture": "#0"},
				"up": {"uv": [8, 3, 11, 5], "texture": "#0"},
				"down": {"uv": [8, 5, 11, 7], "texture": "#0"}
			}
		},
		{
			"from": [7.99, -0.01, 2.99],
			"to": [11.01, 3.01, 9.01],
			"rotation": {"angle": -22.5, "axis": "y", "origin": [8, 1.5, 9]},
			"faces": {
				"north": {"uv": [14, 3, 15.5, 4.5], "texture": "#0"},
				"east": {"uv": [11, 3, 14, 4.5], "texture": "#0"},
				"south": {"uv": [14, 3, 15.5, 4.5], "texture": "#0"},
				"west": {"uv": [14, 3, 11, 4.5], "texture": "#0"},
				"up": {"uv": [11, 7.5, 12.5, 4.5], "texture": "#0"},
				"down": {"uv": [12.5, 4.5, 14, 7.5], "texture": "#0"}
			}
		},
		{
			"from": [4.99, -0.01, 2.99],
			"to": [8.01, 3.01, 9.01],
			"rotation": {"angle": 22.5, "axis": "y", "origin": [8, 1.5, 9]},
			"faces": {
				"north": {"uv": [15.5, 3, 14, 4.5], "texture": "#0"},
				"east": {"uv": [11, 3, 14, 4.5], "texture": "#0"},
				"south": {"uv": [14, 3, 15.5, 4.5], "texture": "#0"},
				"west": {"uv": [14, 3, 11, 4.5], "texture": "#0"},
				"up": {"uv": [12.5, 7.5, 11, 4.5], "texture": "#0"},
				"down": {"uv": [12.5, 4.5, 14, 7.5], "texture": "#0"}
			}
		},
		{
			"from": [4.99, 8.99, 7.24],
			"to": [11.01, 15.01, 13.26],
			"rotation": {"angle": -22.5, "axis": "x", "origin": [8, 9, 11]},
			"faces": {
				"north": {"uv": [0, 0, 3, 3], "texture": "#0"},
				"east": {"uv": [6, 0, 3, 3], "texture": "#0"},
				"south": {"uv": [6, 0, 9, 3], "texture": "#0"},
				"west": {"uv": [3, 0, 6, 3], "texture": "#0"},
				"up": {"uv": [9, 0, 12, 3], "texture": "#0"},
				"down": {"uv": [12, 0, 15, 3], "texture": "#0"}
			}
		},
		{
			"from": [4, 0, 9.5],
			"to": [7, 9, 12.5],
			"rotation": {"angle": -22.5, "axis": "z", "origin": [4, 9, 11]},
			"faces": {
				"north": {"uv": [8.5, 7.5, 10, 12], "texture": "#0"},
				"east": {"uv": [13, 7.5, 14.5, 12], "texture": "#0"},
				"south": {"uv": [11.5, 7.5, 13, 12], "texture": "#0"},
				"west": {"uv": [10, 7.5, 11.5, 12], "texture": "#0"},
				"up": {"uv": [14.5, 7.5, 16, 9], "texture": "#0"},
				"down": {"uv": [14.5, 9, 16, 10.5], "texture": "#0"}
			}
		},
		{
			"from": [9, 0, 9.5],
			"to": [12, 9, 12.5],
			"rotation": {"angle": 22.5, "axis": "z", "origin": [12, 9, 11]},
			"faces": {
				"north": {"uv": [10, 7.5, 8.5, 12], "texture": "#0"},
				"east": {"uv": [10, 7.5, 11.5, 12], "texture": "#0"},
				"south": {"uv": [13, 7.5, 11.5, 12], "texture": "#0"},
				"west": {"uv": [13, 7.5, 14.5, 12], "texture": "#0"},
				"up": {"uv": [14.5, 7.5, 16, 9], "texture": "#0"},
				"down": {"uv": [14.5, 9, 16, 10.5], "texture": "#0"}
			}
		},
		{
			"from": [7.49, 9.49, 7.22],
			"to": [8.51, 10.51, 7.24],
			"rotation": {"angle": -22.5, "axis": "x", "origin": [8, 9, 11]},
			"faces": {
				"north": {"uv": [0, 7.5, 0.5, 8], "texture": "#0"},
				"east": {"uv": [0, 7.5, 0.5, 8], "texture": "#0"},
				"south": {"uv": [0, 7.5, 0.5, 8], "texture": "#0"},
				"west": {"uv": [0, 7.5, 0.5, 8], "texture": "#0"},
				"up": {"uv": [0, 7.5, 0.5, 8], "texture": "#0"},
				"down": {"uv": [0, 7.5, 0.5, 8], "texture": "#0"}
			}
		},
		{
			"from": [8.74, 11.49, 7.22],
			"to": [10.26, 12.01, 7.24],
			"rotation": {"angle": -22.5, "axis": "x", "origin": [8, 9, 11]},
			"faces": {
				"north": {"uv": [0, 7.5, 0.5, 8], "texture": "#0"},
				"east": {"uv": [0, 7.5, 0.5, 8], "texture": "#0"},
				"south": {"uv": [0, 7.5, 0.5, 8], "texture": "#0"},
				"west": {"uv": [0, 7.5, 0.5, 8], "texture": "#0"},
				"up": {"uv": [0, 7.5, 0.5, 8], "texture": "#0"},
				"down": {"uv": [0, 7.5, 0.5, 8], "texture": "#0"}
			}
		},
		{
			"from": [5.74, 11.49, 7.22],
			"to": [7.26, 12.01, 7.24],
			"rotation": {"angle": -22.5, "axis": "x", "origin": [8, 9, 11]},
			"faces": {
				"north": {"uv": [0, 7.5, 0.5, 8], "texture": "#0"},
				"east": {"uv": [0, 7.5, 0.5, 8], "texture": "#0"},
				"south": {"uv": [0, 7.5, 0.5, 8], "texture": "#0"},
				"west": {"uv": [0, 7.5, 0.5, 8], "texture": "#0"},
				"up": {"uv": [0, 7.5, 0.5, 8], "texture": "#0"},
				"down": {"uv": [0, 7.5, 0.5, 8], "texture": "#0"}
			}
		}
	]
}