{
  "pools": [
    {
      "rolls": 1,
      "entries": [
        {
          "type": "minecraft:item",
          "name": "minecraft:leather_leggings",
          "functions": [
            {
              "function": "minecraft:set_nbt",
              "tag": "{display:{Name:'{\"translate\":\"item.hlw.sea_monster.leggings\",\"color\":\"light_purple\",\"italic\":false}',Lore:['{\"text\":\" \"}','{\"translate\":\"item.modifiers.legs\",\"color\":\"gray\",\"italic\":false}','[{\"text\":\"+1 \",\"color\":\"blue\",\"italic\":false},{\"translate\":\"attribute.name.generic.armor\"}]','[{\"text\":\"\\\\ua000 \",\"font\":\"hlw:tooltip\",\"color\":\"white\",\"italic\":false},{\"translate\":\"hlw.name\",\"font\":\"minecraft:default\",\"color\":\"#FF9E3D\",\"italic\":true}]'],color:6532004},HideFlags:198,RepairCost:256,Unbreakable:1b,CustomModelData:6532104,hlw:{costume:\"hlw:sea_monster\"},AttributeModifiers:[{AttributeName:\"generic.armor\",Name:\"generic.armor\",Amount:1,Operation:0,UUID:[I;-765900852,-354925570,-1825558227,309976459],Slot:\"legs\"}]}"
            }
          ]
        }
      ]
    }
  ]
}