{
    "targets": [
        { "name": "common.data", "width": 2, "height": 7 },
        { "name": "common.dataSwap", "width": 2, "height": 7 },
        { "name": "manic.tentacles", "width": 256, "height": 256},
        "water",
        "translucent",
        "itemEntity",
        "particles",
        "clouds",
        "weather",
        "final"
    ],
    "passes": [
        {
            "name": "common.copy",
            "intarget": "common.data",
            "outtarget": "common.dataSwap"
        },
        {
            "name": "common.data",
            "intarget": "common.dataSwap",
            "outtarget": "common.data",
            "auxtargets": [
                {
                    "name": "WorldSampler",
                    "id": "particles"
                }
            ]
        },
        {
            "name": "transparency",
            "intarget": "minecraft:main",
            "outtarget": "final",
            "auxtargets": [
                {
                    "name": "DiffuseDepthSampler",
                    "id": "minecraft:main:depth"
                },
                {
                    "name": "TranslucentSampler",
                    "id": "translucent"
                },
                {
                    "name": "TranslucentDepthSampler",
                    "id": "translucent:depth"
                },
                {
                    "name": "ItemEntitySampler",
                    "id": "itemEntity"
                },
                {
                    "name": "ItemEntityDepthSampler",
                    "id": "itemEntity:depth"
                },
                {
                    "name": "ParticlesSampler",
                    "id": "particles"
                },
                {
                    "name": "ParticlesDepthSampler",
                    "id": "particles:depth"
                },
                {
                    "name": "CloudsSampler",
                    "id": "clouds"
                },
                {
                    "name": "CloudsDepthSampler",
                    "id": "clouds:depth"
                },
                {
                    "name": "WeatherSampler",
                    "id": "weather"
                },
                {
                    "name": "WeatherDepthSampler",
                    "id": "weather:depth"
                }
            ]
        },
        {
            "name": "blit",
            "intarget": "final",
            "outtarget": "minecraft:main"
        },
        {
            "name": "manic.tentacles",
            "intarget": "common.data",
            "outtarget": "manic.tentacles"
        },
        {
            "name": "manic.insomnia",
            "intarget": "minecraft:main",
            "outtarget": "final",
            "auxtargets": [
                {
                    "name": "DataSampler",
                    "id": "common.dataSwap"
                },
                {
                    "name": "TentacleSampler",
                    "id": "manic.tentacles"
                },
                {
                    "name": "EyesSampler",
                    "id": "manic.eyes_overlay",
                    "width": 1600,
                    "height": 900,
                    "bilinear": false
                }
            ]
        },
        {
            "name": "blit",
            "intarget": "final",
            "outtarget": "minecraft:main"
        },
        {
            "name": "sanguine.blood",
            "intarget": "minecraft:main",
            "outtarget": "final",
            "auxtargets": [
                {
                    "name": "DataSampler",
                    "id": "common.dataSwap"
                }
            ]
        },
        {
            "name": "blit",
            "intarget": "final",
            "outtarget": "minecraft:main"
        }
    ]
}
