{
  "condition": "minecraft:all_of",
  "terms": [
    {
      "condition": "minecraft:inverted",
      "term": {
        "condition": "minecraft:entity_properties",
        "entity": "this",
        "predicate": {
          "equipment": {
            "head": {
              "nbt": "{hlw:{isBlock:1b}}"
            }
          }
        }
      }
    },
    {
      "condition": "minecraft:entity_properties",
      "entity": "this",
      "predicate": {
        "nbt": "{Inventory:[{tag:{hlw:{isBlock:1b}}}]}"
      }
    }
  ]
}